0,101001001111001100101110110100101010111101100000110000101,49870
1,010101001101111010000001111100010111100110011000101001100,49836
2,001100101000010000011101001110110100001000100101101100100,49663
3,001100101000010000011101001110110100001000100101101100100,49663
4,001100101000010000011101001110110100001000100101101100100,49663
5,001100101000010000011101001110110100001000100101101100100,49663
6,001100101000010000011101001110110100001000100101101100100,49663
7,001100101000010000011101001110110100001000100101101100100,49663
8,001100101000010000011101001110110100001000100101101100100,49663
9,001100101000010000011101001110110100001000100101101100100,49663
10,011001111001101001000001010000010000011001111011100011011,49646
11,011001111001101001000001010000010000011001111011100011011,49646
12,011001111001101001000001010000010000011001111011100011011,49646
13,011001111001101001000001010000010000011001111011100011011,49646
14,011001111001101001000001010000010000011001111011100011011,49646
15,011001111001101001000001010000010000011001111011100011011,49646
16,011001111001101001000001010000010000011001111011100011011,49646
17,011001111001101001000001010000010000011001111011100011011,49646
18,011001111001101001000001010000010000011001111011100011011,49646
19,011001111001101001000001010000010000011001111011100011011,49646
20,011001111001101001000001010000010000011001111011100011011,49646
21,011001111001101001000001010000010000011001111011100011011,49646
22,011001111001101001000001010000010000011001111011100011011,49646
23,011001111001101001000001010000010000011001111011100011011,49646
24,011001111001101001000001010000010000011001111011100011011,49646
25,011001111001101001000001010000010000011001111011100011011,49646
26,011001111001101001000001010000010000011001111011100011011,49646
27,011001111001101001000001010000010000011001111011100011011,49646
28,011001111001101001000001010000010000011001111011100011011,49646
29,011001111001101001000001010000010000011001111011100011011,49646
30,001100110111001111100011010001000111011111101000100010101,49642
31,100100100111111010101100110000011101011111101010111101100,49618
32,100100100111111010101100110000011101011111101010111101100,49618
33,100100100111111010101100110000011101011111101010111101100,49618
34,100100100111111010101100110000011101011111101010111101100,49618
35,100100100111111010101100110000011101011111101010111101100,49618
36,100100100111111010101100110000011101011111101010111101100,49618
37,100100100111111010101100110000011101011111101010111101100,49618
38,100100100111111010101100110000011101011111101010111101100,49618
39,100100100111111010101100110000011101011111101010111101100,49618
40,100100100111111010101100110000011101011111101010111101100,49618
41,100100100111111010101100110000011101011111101010111101100,49618
42,110001000001001010100100110000110000000001000000010000101,49616
43,110001000001001010100100110000110000000001000000010000101,49616
44,110001000001001010100100110000110000000001000000010000101,49616
45,110001000001001010100100110000110000000001000000010000101,49616
46,110001000001001010100100110000110000000001000000010000101,49616
47,000100010001100001100010111011101011011000100111100101001,49566
48,000100010001100001100010111011101011011000100111100101001,49566
49,000100010001100001100010111011101011011000100111100101001,49566
50,000100010001100001100010111011101011011000100111100101001,49566
51,000100010001100001100010111011101011011000100111100101001,49566
52,000100010001100001100010111011101011011000100111100101001,49566
53,000100010001100001100010111011101011011000100111100101001,49566
54,000100010001100001100010111011101011011000100111100101001,49566
55,000100010001100001100010111011101011011000100111100101001,49566
56,000100010001100001100010111011101011011000100111100101001,49566
57,000100010001100001100010111011101011011000100111100101001,49566
58,000100010001100001100010111011101011011000100111100101001,49566
59,000100010001100001100010111011101011011000100111100101001,49566
60,000100010001100001100010111011101011011000100111100101001,49566
61,000100010001100001100010111011101011011000100111100101001,49566
62,000100010001100001100010111011101011011000100111100101001,49566
63,000100010001100001100010111011101011011000100111100101001,49566
64,000100010001100001100010111011101011011000100111100101001,49566
65,000100010001100001100010111011101011011000100111100101001,49566
66,000100010001100001100010111011101011011000100111100101001,49566
67,000100010001100001100010111011101011011000100111100101001,49566
68,011010100110111001101011011100001101010010010010001000010,49503
69,011010100110111001101011011100001101010010010010001000010,49503
70,011010100110111001101011011100001101010010010010001000010,49503
71,011010100110111001101011011100001101010010010010001000010,49503
72,011010100110111001101011011100001101010010010010001000010,49503
73,011010100110111001101011011100001101010010010010001000010,49503
74,011010100110111001101011011100001101010010010010001000010,49503
75,011010100110111001101011011100001101010010010010001000010,49503
76,011010100110111001101011011100001101010010010010001000010,49503
77,011010100110111001101011011100001101010010010010001000010,49503
78,011010100110111001101011011100001101010010010010001000010,49503
79,011010100110111001101011011100001101010010010010001000010,49503
80,011010100110111001101011011100001101010010010010001000010,49503
81,011010100110111001101011011100001101010010010010001000010,49503
82,011010100110111001101011011100001101010010010010001000010,49503
83,011010100110111001101011011100001101010010010010001000010,49503
84,011010100110111001101011011100001101010010010010001000010,49503
85,101100001100010100111100011001000100010000100100010010010,49495
86,101100001100010100111100011001000100010000100100010010010,49495
87,101100001100010100111100011001000100010000100100010010010,49495
88,101100001100010100111100011001000100010000100100010010010,49495
89,101100001100010100111100011001000100010000100100010010010,49495
90,101100001100010100111100011001000100010000100100010010010,49495
91,101100001100010100111100011001000100010000100100010010010,49495
92,101100001100010100111100011001000100010000100100010010010,49495
93,101100001100010100111100011001000100010000100100010010010,49495
94,101100001100010100111100011001000100010000100100010010010,49495
95,101100001100010100111100011001000100010000100100010010010,49495
96,101100001100010100111100011001000100010000100100010010010,49495
97,101100001100010100111100011001000100010000100100010010010,49495
98,101100001100010100111100011001000100010000100100010010010,49495
99,101100001100010100111100011001000100010000100100010010010,49495
100,101100001100010100111100011001000100010000100100010010010,49495
101,101100001100010100111100011001000100010000100100010010010,49495
102,101100001100010100111100011001000100010000100100010010010,49495
103,101100001100010100111100011001000100010000100100010010010,49495
104,101100001100010100111100011001000100010000100100010010010,49495
105,101100001100010100111100011001000100010000100100010010010,49495
106,101100001100010100111100011001000100010000100100010010010,49495
107,101100001100010100111100011001000100010000100100010010010,49495
108,101100001100010100111100011001000100010000100100010010010,49495
109,101100001100010100111100011001000100010000100100010010010,49495
110,101100001100010100111100011001000100010000100100010010010,49495
111,101100001100010100111100011001000100010000100100010010010,49495
112,101100001100010100111100011001000100010000100100010010010,49495
113,101100001100010100111100011001000100010000100100010010010,49495
114,101100001100010100111100011001000100010000100100010010010,49495
115,101100001100010100111100011001000100010000100100010010010,49495
116,101100001100010100111100011001000100010000100100010010010,49495
117,101100001100010100111100011001000100010000100100010010010,49495
118,101100001100010100111100011001000100010000100100010010010,49495
119,101100001100010100111100011001000100010000100100010010010,49495
120,101100001100010100111100011001000100010000100100010010010,49495
121,101100001100010100111100011001000100010000100100010010010,49495
122,101100001100010100111100011001000100010000100100010010010,49495
123,101100001100010100111100011001000100010000100100010010010,49495
124,101100001100010100111100011001000100010000100100010010010,49495
125,101100001100010100111100011001000100010000100100010010010,49495
126,101100001100010100111100011001000100010000100100010010010,49495
127,101100001100010100111100011001000100010000100100010010010,49495
128,101100001100010100111100011001000100010000100100010010010,49495
129,101100001100010100111100011001000100010000100100010010010,49495
130,101100001100010100111100011001000100010000100100010010010,49495
131,101100001100010100111100011001000100010000100100010010010,49495
132,101100001100010100111100011001000100010000100100010010010,49495
133,101100001100010100111100011001000100010000100100010010010,49495
134,101100001100010100111100011001000100010000100100010010010,49495
135,101100001100010100111100011001000100010000100100010010010,49495
136,101100001100010100111100011001000100010000100100010010010,49495
137,101100001100010100111100011001000100010000100100010010010,49495
138,101100001100010100111100011001000100010000100100010010010,49495
139,101100001100010100111100011001000100010000100100010010010,49495
140,101100001100010100111100011001000100010000100100010010010,49495
141,101100001100010100111100011001000100010000100100010010010,49495
142,101100001100010100111100011001000100010000100100010010010,49495
143,101100001100010100111100011001000100010000100100010010010,49495
144,101100001100010100111100011001000100010000100100010010010,49495
145,101100001100010100111100011001000100010000100100010010010,49495
146,101100001100010100111100011001000100010000100100010010010,49495
147,101100001100010100111100011001000100010000100100010010010,49495
148,101100001100010100111100011001000100010000100100010010010,49495
149,101100001100010100111100011001000100010000100100010010010,49495
150,101100001100010100111100011001000100010000100100010010010,49495
151,101100001100010100111100011001000100010000100100010010010,49495
152,101100001100010100111100011001000100010000100100010010010,49495
153,101100001100010100111100011001000100010000100100010010010,49495
154,101100001100010100111100011001000100010000100100010010010,49495
155,101100001100010100111100011001000100010000100100010010010,49495
156,101100001100010100111100011001000100010000100100010010010,49495
157,101100001100010100111100011001000100010000100100010010010,49495
158,101100001100010100111100011001000100010000100100010010010,49495
159,101100001100010100111100011001000100010000100100010010010,49495
160,101100001100010100111100011001000100010000100100010010010,49495
161,101100001100010100111100011001000100010000100100010010010,49495
162,101100001100010100111100011001000100010000100100010010010,49495
163,101100001100010100111100011001000100010000100100010010010,49495
164,101100001100010100111100011001000100010000100100010010010,49495
165,101100001100010100111100011001000100010000100100010010010,49495
166,101100001100010100111100011001000100010000100100010010010,49495
167,101100001100010100111100011001000100010000100100010010010,49495
168,101100001100010100111100011001000100010000100100010010010,49495
169,101100001100010100111100011001000100010000100100010010010,49495
170,101100001100010100111100011001000100010000100100010010010,49495
171,101100001100010100111100011001000100010000100100010010010,49495
172,101100001100010100111100011001000100010000100100010010010,49495
173,101100001100010100111100011001000100010000100100010010010,49495
174,101100001100010100111100011001000100010000100100010010010,49495
175,101100001100010100111100011001000100010000100100010010010,49495
176,101100001100010100111100011001000100010000100100010010010,49495
177,101100001100010100111100011001000100010000100100010010010,49495
178,101100001100010100111100011001000100010000100100010010010,49495
179,101100001100010100111100011001000100010000100100010010010,49495
180,101100001100010100111100011001000100010000100100010010010,49495
181,101100001100010100111100011001000100010000100100010010010,49495
182,101100001100010100111100011001000100010000100100010010010,49495
183,101100001100010100111100011001000100010000100100010010010,49495
184,101100001100010100111100011001000100010000100100010010010,49495
185,101100001100010100111100011001000100010000100100010010010,49495
186,101100001100010100111100011001000100010000100100010010010,49495
187,101100001100010100111100011001000100010000100100010010010,49495
188,101100001100010100111100011001000100010000100100010010010,49495
189,101100001100010100111100011001000100010000100100010010010,49495
190,101100001100010100111100011001000100010000100100010010010,49495
191,101100001100010100111100011001000100010000100100010010010,49495
192,101100001100010100111100011001000100010000100100010010010,49495
193,101100001100010100111100011001000100010000100100010010010,49495
194,101100001100010100111100011001000100010000100100010010010,49495
195,101100001100010100111100011001000100010000100100010010010,49495
196,101100001100010100111100011001000100010000100100010010010,49495
197,101100001100010100111100011001000100010000100100010010010,49495
198,101100001100010100111100011001000100010000100100010010010,49495
199,101100001100010100111100011001000100010000100100010010010,49495
200,101100001100010100111100011001000100010000100100010010010,49495
201,101100001100010100111100011001000100010000100100010010010,49495
202,101100001100010100111100011001000100010000100100010010010,49495
203,101100001100010100111100011001000100010000100100010010010,49495
204,101100001100010100111100011001000100010000100100010010010,49495
205,101100001100010100111100011001000100010000100100010010010,49495
206,101100001100010100111100011001000100010000100100010010010,49495
207,101100001100010100111100011001000100010000100100010010010,49495
208,101100001100010100111100011001000100010000100100010010010,49495
209,101100001100010100111100011001000100010000100100010010010,49495
210,101100001100010100111100011001000100010000100100010010010,49495
211,101100001100010100111100011001000100010000100100010010010,49495
212,101100001100010100111100011001000100010000100100010010010,49495
213,101100001100010100111100011001000100010000100100010010010,49495
214,101100001100010100111100011001000100010000100100010010010,49495
215,101100001100010100111100011001000100010000100100010010010,49495
216,111000001001101001011001100110101100101000011011001110000,49454
217,111000001001101001011001100110101100101000011011001110000,49454
218,111000001001101001011001100110101100101000011011001110000,49454
219,111000001001101001011001100110101100101000011011001110000,49454
220,111000001001101001011001100110101100101000011011001110000,49454
221,111000001001101001011001100110101100101000011011001110000,49454
222,111000001001101001011001100110101100101000011011001110000,49454
223,111000001001101001011001100110101100101000011011001110000,49454
224,111000001001101001011001100110101100101000011011001110000,49454
225,111000001001101001011001100110101100101000011011001110000,49454
226,111000001001101001011001100110101100101000011011001110000,49454
227,111000001001101001011001100110101100101000011011001110000,49454
228,111000001001101001011001100110101100101000011011001110000,49454
229,111000001001101001011001100110101100101000011011001110000,49454
230,111000001001101001011001100110101100101000011011001110000,49454
231,111000001001101001011001100110101100101000011011001110000,49454
232,111000001001101001011001100110101100101000011011001110000,49454
233,111000001001101001011001100110101100101000011011001110000,49454
234,111000001001101001011001100110101100101000011011001110000,49454
235,111000001001101001011001100110101100101000011011001110000,49454
236,111000001001101001011001100110101100101000011011001110000,49454
237,111000001001101001011001100110101100101000011011001110000,49454
238,111000001001101001011001100110101100101000011011001110000,49454
239,111000001001101001011001100110101100101000011011001110000,49454
240,111000001001101001011001100110101100101000011011001110000,49454
241,111000001001101001011001100110101100101000011011001110000,49454
242,111000001001101001011001100110101100101000011011001110000,49454
243,111000001001101001011001100110101100101000011011001110000,49454
244,111000001001101001011001100110101100101000011011001110000,49454
245,111000001001101001011001100110101100101000011011001110000,49454
246,111000001001101001011001100110101100101000011011001110000,49454
247,111000001001101001011001100110101100101000011011001110000,49454
248,111000001001101001011001100110101100101000011011001110000,49454
249,111000001001101001011001100110101100101000011011001110000,49454
250,111000001001101001011001100110101100101000011011001110000,49454
251,111000001001101001011001100110101100101000011011001110000,49454
252,111000001001101001011001100110101100101000011011001110000,49454
253,111000001001101001011001100110101100101000011011001110000,49454
254,111000001001101001011001100110101100101000011011001110000,49454
255,111000001001101001011001100110101100101000011011001110000,49454
256,111000001001101001011001100110101100101000011011001110000,49454
257,111000001001101001011001100110101100101000011011001110000,49454
258,111000001001101001011001100110101100101000011011001110000,49454
259,111000001001101001011001100110101100101000011011001110000,49454
260,111000001001101001011001100110101100101000011011001110000,49454
261,111000001001101001011001100110101100101000011011001110000,49454
262,111000001001101001011001100110101100101000011011001110000,49454
263,111000001001101001011001100110101100101000011011001110000,49454
264,111000001001101001011001100110101100101000011011001110000,49454
265,111000001001101001011001100110101100101000011011001110000,49454
266,111000001001101001011001100110101100101000011011001110000,49454
267,111000001001101001011001100110101100101000011011001110000,49454
268,111000001001101001011001100110101100101000011011001110000,49454
269,111000001001101001011001100110101100101000011011001110000,49454
270,111000001001101001011001100110101100101000011011001110000,49454
271,111000001001101001011001100110101100101000011011001110000,49454
272,111000001001101001011001100110101100101000011011001110000,49454
273,111000001001101001011001100110101100101000011011001110000,49454
274,111000001001101001011001100110101100101000011011001110000,49454
275,111000001001101001011001100110101100101000011011001110000,49454
276,111000001001101001011001100110101100101000011011001110000,49454
277,111000001001101001011001100110101100101000011011001110000,49454
278,111000001001101001011001100110101100101000011011001110000,49454
279,111000001001101001011001100110101100101000011011001110000,49454
280,111000001001101001011001100110101100101000011011001110000,49454
281,111000001001101001011001100110101100101000011011001110000,49454
282,111000001001101001011001100110101100101000011011001110000,49454
283,111000001001101001011001100110101100101000011011001110000,49454
284,111000001001101001011001100110101100101000011011001110000,49454
285,111000001001101001011001100110101100101000011011001110000,49454
286,111000001001101001011001100110101100101000011011001110000,49454
287,111000001001101001011001100110101100101000011011001110000,49454
288,111000001001101001011001100110101100101000011011001110000,49454
289,111000001001101001011001100110101100101000011011001110000,49454
290,111000001001101001011001100110101100101000011011001110000,49454
291,111000001001101001011001100110101100101000011011001110000,49454
292,111000001001101001011001100110101100101000011011001110000,49454
293,111000001001101001011001100110101100101000011011001110000,49454
294,111000001001101001011001100110101100101000011011001110000,49454
295,111000001001101001011001100110101100101000011011001110000,49454
296,111000001001101001011001100110101100101000011011001110000,49454
297,111000001001101001011001100110101100101000011011001110000,49454
298,111000001001101001011001100110101100101000011011001110000,49454
299,111000001001101001011001100110101100101000011011001110000,49454
300,111000001001101001011001100110101100101000011011001110000,49454
301,111000001001101001011001100110101100101000011011001110000,49454
302,111000001001101001011001100110101100101000011011001110000,49454
303,111000001001101001011001100110101100101000011011001110000,49454
304,111000001001101001011001100110101100101000011011001110000,49454
305,111000001001101001011001100110101100101000011011001110000,49454
306,111000001001101001011001100110101100101000011011001110000,49454
307,111000001001101001011001100110101100101000011011001110000,49454
308,111000001001101001011001100110101100101000011011001110000,49454
309,111000001001101001011001100110101100101000011011001110000,49454
310,111000001001101001011001100110101100101000011011001110000,49454
311,111000001001101001011001100110101100101000011011001110000,49454
312,111000001001101001011001100110101100101000011011001110000,49454
313,111000001001101001011001100110101100101000011011001110000,49454
314,111000001001101001011001100110101100101000011011001110000,49454
315,111000001001101001011001100110101100101000011011001110000,49454
316,111000001001101001011001100110101100101000011011001110000,49454
317,111000001001101001011001100110101100101000011011001110000,49454
318,111000001001101001011001100110101100101000011011001110000,49454
319,111000001001101001011001100110101100101000011011001110000,49454
320,111000001001101001011001100110101100101000011011001110000,49454
321,111000001001101001011001100110101100101000011011001110000,49454
322,111000001001101001011001100110101100101000011011001110000,49454
323,111000001001101001011001100110101100101000011011001110000,49454
324,111000001001101001011001100110101100101000011011001110000,49454
325,111000001001101001011001100110101100101000011011001110000,49454
326,111000001001101001011001100110101100101000011011001110000,49454
327,111000001001101001011001100110101100101000011011001110000,49454
328,111000001001101001011001100110101100101000011011001110000,49454
329,111000001001101001011001100110101100101000011011001110000,49454
330,111000001001101001011001100110101100101000011011001110000,49454
331,111000001001101001011001100110101100101000011011001110000,49454
332,111000001001101001011001100110101100101000011011001110000,49454
333,111000001001101001011001100110101100101000011011001110000,49454
334,111000001001101001011001100110101100101000011011001110000,49454
335,111000001001101001011001100110101100101000011011001110000,49454
336,111000001001101001011001100110101100101000011011001110000,49454
337,111000001001101001011001100110101100101000011011001110000,49454
338,111000001001101001011001100110101100101000011011001110000,49454
339,111000001001101001011001100110101100101000011011001110000,49454
340,111000001001101001011001100110101100101000011011001110000,49454
341,111000001001101001011001100110101100101000011011001110000,49454
342,111000001001101001011001100110101100101000011011001110000,49454
343,111000001001101001011001100110101100101000011011001110000,49454
344,111000001001101001011001100110101100101000011011001110000,49454
345,111000001001101001011001100110101100101000011011001110000,49454
346,111000001001101001011001100110101100101000011011001110000,49454
347,111000001001101001011001100110101100101000011011001110000,49454
348,111000001001101001011001100110101100101000011011001110000,49454
349,111000001001101001011001100110101100101000011011001110000,49454
350,111000001001101001011001100110101100101000011011001110000,49454
351,111000001001101001011001100110101100101000011011001110000,49454
352,111000001001101001011001100110101100101000011011001110000,49454
353,111000001001101001011001100110101100101000011011001110000,49454
354,111000001001101001011001100110101100101000011011001110000,49454
355,111000001001101001011001100110101100101000011011001110000,49454
356,111000001001101001011001100110101100101000011011001110000,49454
357,111000001001101001011001100110101100101000011011001110000,49454
358,111000001001101001011001100110101100101000011011001110000,49454
359,111000001001101001011001100110101100101000011011001110000,49454
360,111000001001101001011001100110101100101000011011001110000,49454
361,111000001001101001011001100110101100101000011011001110000,49454
362,111000001001101001011001100110101100101000011011001110000,49454
363,111000001001101001011001100110101100101000011011001110000,49454
364,111000001001101001011001100110101100101000011011001110000,49454
365,111000001001101001011001100110101100101000011011001110000,49454
366,111000001001101001011001100110101100101000011011001110000,49454
367,111000001001101001011001100110101100101000011011001110000,49454
368,111000001001101001011001100110101100101000011011001110000,49454
369,111000001001101001011001100110101100101000011011001110000,49454
370,111000001001101001011001100110101100101000011011001110000,49454
371,111000001001101001011001100110101100101000011011001110000,49454
372,111000001001101001011001100110101100101000011011001110000,49454
373,111000001001101001011001100110101100101000011011001110000,49454
374,111000001001101001011001100110101100101000011011001110000,49454
375,111000001001101001011001100110101100101000011011001110000,49454
376,111000001001101001011001100110101100101000011011001110000,49454
377,111000001001101001011001100110101100101000011011001110000,49454
378,111000001001101001011001100110101100101000011011001110000,49454
379,111000001001101001011001100110101100101000011011001110000,49454
380,111000001001101001011001100110101100101000011011001110000,49454
381,111000001001101001011001100110101100101000011011001110000,49454
382,111000001001101001011001100110101100101000011011001110000,49454
383,111000001001101001011001100110101100101000011011001110000,49454
384,111000001001101001011001100110101100101000011011001110000,49454
385,111000001001101001011001100110101100101000011011001110000,49454
386,111000001001101001011001100110101100101000011011001110000,49454
387,111000001001101001011001100110101100101000011011001110000,49454
388,111000001001101001011001100110101100101000011011001110000,49454
389,111000001001101001011001100110101100101000011011001110000,49454
390,111000001001101001011001100110101100101000011011001110000,49454
391,111000001001101001011001100110101100101000011011001110000,49454
392,111000001001101001011001100110101100101000011011001110000,49454
393,111000001001101001011001100110101100101000011011001110000,49454
394,111000001001101001011001100110101100101000011011001110000,49454
395,111000001001101001011001100110101100101000011011001110000,49454
396,111000001001101001011001100110101100101000011011001110000,49454
397,111000001001101001011001100110101100101000011011001110000,49454
398,111000001001101001011001100110101100101000011011001110000,49454
399,111000001001101001011001100110101100101000011011001110000,49454
400,111000001001101001011001100110101100101000011011001110000,49454
401,111000001001101001011001100110101100101000011011001110000,49454
402,111000001001101001011001100110101100101000011011001110000,49454
403,111000001001101001011001100110101100101000011011001110000,49454
404,111000001001101001011001100110101100101000011011001110000,49454
405,111000001001101001011001100110101100101000011011001110000,49454
406,111000001001101001011001100110101100101000011011001110000,49454
407,111000001001101001011001100110101100101000011011001110000,49454
408,111000001001101001011001100110101100101000011011001110000,49454
409,111000001001101001011001100110101100101000011011001110000,49454
410,111000001001101001011001100110101100101000011011001110000,49454
411,111000001001101001011001100110101100101000011011001110000,49454
412,111000001001101001011001100110101100101000011011001110000,49454
413,111000001001101001011001100110101100101000011011001110000,49454
414,111000001001101001011001100110101100101000011011001110000,49454
415,111000001001101001011001100110101100101000011011001110000,49454
416,111000001001101001011001100110101100101000011011001110000,49454
417,111000001001101001011001100110101100101000011011001110000,49454
418,111000001001101001011001100110101100101000011011001110000,49454
419,111000001001101001011001100110101100101000011011001110000,49454
420,111000001001101001011001100110101100101000011011001110000,49454
421,111000001001101001011001100110101100101000011011001110000,49454
422,111000001001101001011001100110101100101000011011001110000,49454
423,111000001001101001011001100110101100101000011011001110000,49454
424,111000001001101001011001100110101100101000011011001110000,49454
425,111000001001101001011001100110101100101000011011001110000,49454
426,111000001001101001011001100110101100101000011011001110000,49454
427,111000001001101001011001100110101100101000011011001110000,49454
428,111000001001101001011001100110101100101000011011001110000,49454
429,111000001001101001011001100110101100101000011011001110000,49454
430,111000001001101001011001100110101100101000011011001110000,49454
431,111000001001101001011001100110101100101000011011001110000,49454
432,111000001001101001011001100110101100101000011011001110000,49454
433,111000001001101001011001100110101100101000011011001110000,49454
434,111000001001101001011001100110101100101000011011001110000,49454
435,111000001001101001011001100110101100101000011011001110000,49454
436,111000001001101001011001100110101100101000011011001110000,49454
437,111000001001101001011001100110101100101000011011001110000,49454
438,111000001001101001011001100110101100101000011011001110000,49454
439,111000001001101001011001100110101100101000011011001110000,49454
440,111000001001101001011001100110101100101000011011001110000,49454
441,111000001001101001011001100110101100101000011011001110000,49454
442,111000001001101001011001100110101100101000011011001110000,49454
443,111000001001101001011001100110101100101000011011001110000,49454
444,111000001001101001011001100110101100101000011011001110000,49454
445,111000001001101001011001100110101100101000011011001110000,49454
446,111000001001101001011001100110101100101000011011001110000,49454
447,111000001001101001011001100110101100101000011011001110000,49454
448,111000001001101001011001100110101100101000011011001110000,49454
449,111000001001101001011001100110101100101000011011001110000,49454
450,111000001001101001011001100110101100101000011011001110000,49454
451,111000001001101001011001100110101100101000011011001110000,49454
452,111000001001101001011001100110101100101000011011001110000,49454
453,111000001001101001011001100110101100101000011011001110000,49454
454,111000001001101001011001100110101100101000011011001110000,49454
455,111000001001101001011001100110101100101000011011001110000,49454
456,111000001001101001011001100110101100101000011011001110000,49454
457,111000001001101001011001100110101100101000011011001110000,49454
458,111000001001101001011001100110101100101000011011001110000,49454
459,111000001001101001011001100110101100101000011011001110000,49454
460,111000001001101001011001100110101100101000011011001110000,49454
461,111000001001101001011001100110101100101000011011001110000,49454
462,111000001001101001011001100110101100101000011011001110000,49454
463,111000001001101001011001100110101100101000011011001110000,49454
464,111000001001101001011001100110101100101000011011001110000,49454
465,111000001001101001011001100110101100101000011011001110000,49454
466,111000001001101001011001100110101100101000011011001110000,49454
467,111000001001101001011001100110101100101000011011001110000,49454
468,111000001001101001011001100110101100101000011011001110000,49454
469,111000001001101001011001100110101100101000011011001110000,49454
470,111000001001101001011001100110101100101000011011001110000,49454
471,111000001001101001011001100110101100101000011011001110000,49454
472,111000001001101001011001100110101100101000011011001110000,49454
473,111000001001101001011001100110101100101000011011001110000,49454
474,111000001001101001011001100110101100101000011011001110000,49454
475,111000001001101001011001100110101100101000011011001110000,49454
476,111000001001101001011001100110101100101000011011001110000,49454
477,111000001001101001011001100110101100101000011011001110000,49454
478,111000001001101001011001100110101100101000011011001110000,49454
479,111000001001101001011001100110101100101000011011001110000,49454
480,111000001001101001011001100110101100101000011011001110000,49454
481,111000001001101001011001100110101100101000011011001110000,49454
482,111000001001101001011001100110101100101000011011001110000,49454
483,111000001001101001011001100110101100101000011011001110000,49454
484,111000001001101001011001100110101100101000011011001110000,49454
485,111000001001101001011001100110101100101000011011001110000,49454
486,111000001001101001011001100110101100101000011011001110000,49454
487,111000001001101001011001100110101100101000011011001110000,49454
488,111000001001101001011001100110101100101000011011001110000,49454
489,111000001001101001011001100110101100101000011011001110000,49454
490,111000001001101001011001100110101100101000011011001110000,49454
491,111000001001101001011001100110101100101000011011001110000,49454
492,111000001001101001011001100110101100101000011011001110000,49454
493,111000001001101001011001100110101100101000011011001110000,49454
494,111000001001101001011001100110101100101000011011001110000,49454
495,111000001001101001011001100110101100101000011011001110000,49454
496,111000001001101001011001100110101100101000011011001110000,49454
497,111000001001101001011001100110101100101000011011001110000,49454
498,111000001001101001011001100110101100101000011011001110000,49454
499,111000001001101001011001100110101100101000011011001110000,49454
500,111000001001101001011001100110101100101000011011001110000,49454
501,111000001001101001011001100110101100101000011011001110000,49454
502,111000001001101001011001100110101100101000011011001110000,49454
503,111000001001101001011001100110101100101000011011001110000,49454
504,111000001001101001011001100110101100101000011011001110000,49454
505,111000001001101001011001100110101100101000011011001110000,49454
506,111000001001101001011001100110101100101000011011001110000,49454
507,111000001001101001011001100110101100101000011011001110000,49454
508,111000001001101001011001100110101100101000011011001110000,49454
509,111000001001101001011001100110101100101000011011001110000,49454
510,111000001001101001011001100110101100101000011011001110000,49454
511,111000001001101001011001100110101100101000011011001110000,49454
512,111000001001101001011001100110101100101000011011001110000,49454
513,111000001001101001011001100110101100101000011011001110000,49454
514,111000001001101001011001100110101100101000011011001110000,49454
515,111000001001101001011001100110101100101000011011001110000,49454
516,111000001001101001011001100110101100101000011011001110000,49454
517,111000001001101001011001100110101100101000011011001110000,49454
518,111000001001101001011001100110101100101000011011001110000,49454
519,111000001001101001011001100110101100101000011011001110000,49454
520,111000001001101001011001100110101100101000011011001110000,49454
521,111000001001101001011001100110101100101000011011001110000,49454
522,111000001001101001011001100110101100101000011011001110000,49454
523,111000001001101001011001100110101100101000011011001110000,49454
524,111000001001101001011001100110101100101000011011001110000,49454
525,111000001001101001011001100110101100101000011011001110000,49454
526,111000001001101001011001100110101100101000011011001110000,49454
527,111000001001101001011001100110101100101000011011001110000,49454
528,111000001001101001011001100110101100101000011011001110000,49454
529,111000001001101001011001100110101100101000011011001110000,49454
530,111000001001101001011001100110101100101000011011001110000,49454
531,111000001001101001011001100110101100101000011011001110000,49454
532,111000001001101001011001100110101100101000011011001110000,49454
533,111000001001101001011001100110101100101000011011001110000,49454
534,111000001001101001011001100110101100101000011011001110000,49454
535,111000001001101001011001100110101100101000011011001110000,49454
536,111000001001101001011001100110101100101000011011001110000,49454
537,111000001001101001011001100110101100101000011011001110000,49454
538,111000001001101001011001100110101100101000011011001110000,49454
539,111000001001101001011001100110101100101000011011001110000,49454
540,111000001001101001011001100110101100101000011011001110000,49454
541,111000001001101001011001100110101100101000011011001110000,49454
542,111000001001101001011001100110101100101000011011001110000,49454
543,111000001001101001011001100110101100101000011011001110000,49454
544,111000001001101001011001100110101100101000011011001110000,49454
545,111000001001101001011001100110101100101000011011001110000,49454
546,111000001001101001011001100110101100101000011011001110000,49454
547,111000001001101001011001100110101100101000011011001110000,49454
548,111000001001101001011001100110101100101000011011001110000,49454
549,111000001001101001011001100110101100101000011011001110000,49454
550,111000001001101001011001100110101100101000011011001110000,49454
551,111000001001101001011001100110101100101000011011001110000,49454
552,111000001001101001011001100110101100101000011011001110000,49454
553,111000001001101001011001100110101100101000011011001110000,49454
554,111000001001101001011001100110101100101000011011001110000,49454
555,111000001001101001011001100110101100101000011011001110000,49454
556,111000001001101001011001100110101100101000011011001110000,49454
557,111000001001101001011001100110101100101000011011001110000,49454
558,111000001001101001011001100110101100101000011011001110000,49454
559,111000001001101001011001100110101100101000011011001110000,49454
560,111000001001101001011001100110101100101000011011001110000,49454
561,111000001001101001011001100110101100101000011011001110000,49454
562,111000001001101001011001100110101100101000011011001110000,49454
563,111000001001101001011001100110101100101000011011001110000,49454
564,111000001001101001011001100110101100101000011011001110000,49454
565,111000001001101001011001100110101100101000011011001110000,49454
566,111000001001101001011001100110101100101000011011001110000,49454
567,111000001001101001011001100110101100101000011011001110000,49454
568,111000001001101001011001100110101100101000011011001110000,49454
569,111000001001101001011001100110101100101000011011001110000,49454
570,111000001001101001011001100110101100101000011011001110000,49454
571,111000001001101001011001100110101100101000011011001110000,49454
572,111000001001101001011001100110101100101000011011001110000,49454
573,111000001001101001011001100110101100101000011011001110000,49454
574,111000001001101001011001100110101100101000011011001110000,49454
575,111000001001101001011001100110101100101000011011001110000,49454
576,111000001001101001011001100110101100101000011011001110000,49454
577,111000001001101001011001100110101100101000011011001110000,49454
578,111000001001101001011001100110101100101000011011001110000,49454
579,111000001001101001011001100110101100101000011011001110000,49454
580,111000001001101001011001100110101100101000011011001110000,49454
581,111000001001101001011001100110101100101000011011001110000,49454
582,111000001001101001011001100110101100101000011011001110000,49454
583,111000001001101001011001100110101100101000011011001110000,49454
584,111000001001101001011001100110101100101000011011001110000,49454
585,111000001001101001011001100110101100101000011011001110000,49454
586,111000001001101001011001100110101100101000011011001110000,49454
587,111000001001101001011001100110101100101000011011001110000,49454
588,111000001001101001011001100110101100101000011011001110000,49454
589,111000001001101001011001100110101100101000011011001110000,49454
590,111000001001101001011001100110101100101000011011001110000,49454
591,111000001001101001011001100110101100101000011011001110000,49454
592,111000001001101001011001100110101100101000011011001110000,49454
593,111000001001101001011001100110101100101000011011001110000,49454
594,111000001001101001011001100110101100101000011011001110000,49454
595,111000001001101001011001100110101100101000011011001110000,49454
596,111000001001101001011001100110101100101000011011001110000,49454
597,111000001001101001011001100110101100101000011011001110000,49454
598,111000001001101001011001100110101100101000011011001110000,49454
599,111000001001101001011001100110101100101000011011001110000,49454
600,111000001001101001011001100110101100101000011011001110000,49454
601,111000001001101001011001100110101100101000011011001110000,49454
602,111000001001101001011001100110101100101000011011001110000,49454
603,111000001001101001011001100110101100101000011011001110000,49454
604,111000001001101001011001100110101100101000011011001110000,49454
605,111000001001101001011001100110101100101000011011001110000,49454
606,111000001001101001011001100110101100101000011011001110000,49454
607,111000001001101001011001100110101100101000011011001110000,49454
608,111000001001101001011001100110101100101000011011001110000,49454
609,111000001001101001011001100110101100101000011011001110000,49454
610,111000001001101001011001100110101100101000011011001110000,49454
611,111000001001101001011001100110101100101000011011001110000,49454
612,111000001001101001011001100110101100101000011011001110000,49454
613,111000001001101001011001100110101100101000011011001110000,49454
614,111000001001101001011001100110101100101000011011001110000,49454
615,111000001001101001011001100110101100101000011011001110000,49454
616,111000001001101001011001100110101100101000011011001110000,49454
617,111000001001101001011001100110101100101000011011001110000,49454
618,111000001001101001011001100110101100101000011011001110000,49454
619,111000001001101001011001100110101100101000011011001110000,49454
620,111000001001101001011001100110101100101000011011001110000,49454
621,111000001001101001011001100110101100101000011011001110000,49454
622,111000001001101001011001100110101100101000011011001110000,49454
623,111000001001101001011001100110101100101000011011001110000,49454
624,111000001001101001011001100110101100101000011011001110000,49454
625,111000001001101001011001100110101100101000011011001110000,49454
626,111000001001101001011001100110101100101000011011001110000,49454
627,111000001001101001011001100110101100101000011011001110000,49454
628,111000001001101001011001100110101100101000011011001110000,49454
629,111000001001101001011001100110101100101000011011001110000,49454
630,111000001001101001011001100110101100101000011011001110000,49454
631,111000001001101001011001100110101100101000011011001110000,49454
632,111000001001101001011001100110101100101000011011001110000,49454
633,111000001001101001011001100110101100101000011011001110000,49454
634,111000001001101001011001100110101100101000011011001110000,49454
635,111000001001101001011001100110101100101000011011001110000,49454
636,111000001001101001011001100110101100101000011011001110000,49454
637,111000001001101001011001100110101100101000011011001110000,49454
638,111000001001101001011001100110101100101000011011001110000,49454
639,111000001001101001011001100110101100101000011011001110000,49454
640,111000001001101001011001100110101100101000011011001110000,49454
641,111000001001101001011001100110101100101000011011001110000,49454
642,111000001001101001011001100110101100101000011011001110000,49454
643,111000001001101001011001100110101100101000011011001110000,49454
644,111000001001101001011001100110101100101000011011001110000,49454
645,111000001001101001011001100110101100101000011011001110000,49454
646,111000001001101001011001100110101100101000011011001110000,49454
647,111000001001101001011001100110101100101000011011001110000,49454
648,111000001001101001011001100110101100101000011011001110000,49454
649,111000001001101001011001100110101100101000011011001110000,49454
650,111000001001101001011001100110101100101000011011001110000,49454
651,111000001001101001011001100110101100101000011011001110000,49454
652,111000001001101001011001100110101100101000011011001110000,49454
653,111000001001101001011001100110101100101000011011001110000,49454
654,111000001001101001011001100110101100101000011011001110000,49454
655,111000001001101001011001100110101100101000011011001110000,49454
656,111000001001101001011001100110101100101000011011001110000,49454
657,111000001001101001011001100110101100101000011011001110000,49454
658,111000001001101001011001100110101100101000011011001110000,49454
659,111000001001101001011001100110101100101000011011001110000,49454
660,111000001001101001011001100110101100101000011011001110000,49454
661,111000001001101001011001100110101100101000011011001110000,49454
662,111000001001101001011001100110101100101000011011001110000,49454
663,111000001001101001011001100110101100101000011011001110000,49454
664,111000001001101001011001100110101100101000011011001110000,49454
665,111000001001101001011001100110101100101000011011001110000,49454
666,111000001001101001011001100110101100101000011011001110000,49454
667,111000001001101001011001100110101100101000011011001110000,49454
668,111000001001101001011001100110101100101000011011001110000,49454
669,111000001001101001011001100110101100101000011011001110000,49454
670,111000001001101001011001100110101100101000011011001110000,49454
671,111000001001101001011001100110101100101000011011001110000,49454
672,111000001001101001011001100110101100101000011011001110000,49454
673,111000001001101001011001100110101100101000011011001110000,49454
674,111000001001101001011001100110101100101000011011001110000,49454
675,111000001001101001011001100110101100101000011011001110000,49454
676,111000001001101001011001100110101100101000011011001110000,49454
677,111000001001101001011001100110101100101000011011001110000,49454
678,111000001001101001011001100110101100101000011011001110000,49454
679,111000001001101001011001100110101100101000011011001110000,49454
680,111000001001101001011001100110101100101000011011001110000,49454
681,111000001001101001011001100110101100101000011011001110000,49454
682,111000001001101001011001100110101100101000011011001110000,49454
683,111000001001101001011001100110101100101000011011001110000,49454
684,111000001001101001011001100110101100101000011011001110000,49454
685,111000001001101001011001100110101100101000011011001110000,49454
686,111000001001101001011001100110101100101000011011001110000,49454
687,111000001001101001011001100110101100101000011011001110000,49454
688,111000001001101001011001100110101100101000011011001110000,49454
689,111000001001101001011001100110101100101000011011001110000,49454
690,111000001001101001011001100110101100101000011011001110000,49454
691,111000001001101001011001100110101100101000011011001110000,49454
692,111000001001101001011001100110101100101000011011001110000,49454
693,111000001001101001011001100110101100101000011011001110000,49454
694,111000001001101001011001100110101100101000011011001110000,49454
695,111000001001101001011001100110101100101000011011001110000,49454
696,111000001001101001011001100110101100101000011011001110000,49454
697,111000001001101001011001100110101100101000011011001110000,49454
698,111000001001101001011001100110101100101000011011001110000,49454
699,111000001001101001011001100110101100101000011011001110000,49454
700,111000001001101001011001100110101100101000011011001110000,49454
701,111000001001101001011001100110101100101000011011001110000,49454
702,111000001001101001011001100110101100101000011011001110000,49454
703,111000001001101001011001100110101100101000011011001110000,49454
704,111000001001101001011001100110101100101000011011001110000,49454
705,111000001001101001011001100110101100101000011011001110000,49454
706,111000001001101001011001100110101100101000011011001110000,49454
707,111000001001101001011001100110101100101000011011001110000,49454
708,111000001001101001011001100110101100101000011011001110000,49454
709,111000001001101001011001100110101100101000011011001110000,49454
710,111000001001101001011001100110101100101000011011001110000,49454
711,111000001001101001011001100110101100101000011011001110000,49454
712,111000001001101001011001100110101100101000011011001110000,49454
713,111000001001101001011001100110101100101000011011001110000,49454
714,111000001001101001011001100110101100101000011011001110000,49454
715,111000001001101001011001100110101100101000011011001110000,49454
716,111000001001101001011001100110101100101000011011001110000,49454
717,111000001001101001011001100110101100101000011011001110000,49454
718,111000001001101001011001100110101100101000011011001110000,49454
719,111000001001101001011001100110101100101000011011001110000,49454
720,111000001001101001011001100110101100101000011011001110000,49454
721,111000001001101001011001100110101100101000011011001110000,49454
722,111000001001101001011001100110101100101000011011001110000,49454
723,111000001001101001011001100110101100101000011011001110000,49454
724,111000001001101001011001100110101100101000011011001110000,49454
725,111000001001101001011001100110101100101000011011001110000,49454
726,111000001001101001011001100110101100101000011011001110000,49454
727,111000001001101001011001100110101100101000011011001110000,49454
728,111000001001101001011001100110101100101000011011001110000,49454
729,111000001001101001011001100110101100101000011011001110000,49454
730,111000001001101001011001100110101100101000011011001110000,49454
731,111000001001101001011001100110101100101000011011001110000,49454
732,111000001001101001011001100110101100101000011011001110000,49454
733,111000001001101001011001100110101100101000011011001110000,49454
734,111000001001101001011001100110101100101000011011001110000,49454
735,111000001001101001011001100110101100101000011011001110000,49454
736,111000001001101001011001100110101100101000011011001110000,49454
737,111000001001101001011001100110101100101000011011001110000,49454
738,111000001001101001011001100110101100101000011011001110000,49454
739,111000001001101001011001100110101100101000011011001110000,49454
740,111000001001101001011001100110101100101000011011001110000,49454
741,111000001001101001011001100110101100101000011011001110000,49454
742,111000001001101001011001100110101100101000011011001110000,49454
743,111000001001101001011001100110101100101000011011001110000,49454
744,111000001001101001011001100110101100101000011011001110000,49454
745,111000001001101001011001100110101100101000011011001110000,49454
746,111000001001101001011001100110101100101000011011001110000,49454
747,111000001001101001011001100110101100101000011011001110000,49454
748,111000001001101001011001100110101100101000011011001110000,49454
749,111000001001101001011001100110101100101000011011001110000,49454
750,111000001001101001011001100110101100101000011011001110000,49454
751,111000001001101001011001100110101100101000011011001110000,49454
752,111000001001101001011001100110101100101000011011001110000,49454
753,111000001001101001011001100110101100101000011011001110000,49454
754,111000001001101001011001100110101100101000011011001110000,49454
755,111000001001101001011001100110101100101000011011001110000,49454
756,111000001001101001011001100110101100101000011011001110000,49454
757,111000001001101001011001100110101100101000011011001110000,49454
758,010001001001110000011001110101010100011101101111100100110,49453
759,010001001001110000011001110101010100011101101111100100110,49453
760,010001001001110000011001110101010100011101101111100100110,49453
761,010001001001110000011001110101010100011101101111100100110,49453
762,010001001001110000011001110101010100011101101111100100110,49453
763,010001001001110000011001110101010100011101101111100100110,49453
764,010001001001110000011001110101010100011101101111100100110,49453
765,010001001001110000011001110101010100011101101111100100110,49453
766,010001001001110000011001110101010100011101101111100100110,49453
767,010001001001110000011001110101010100011101101111100100110,49453
768,010001001001110000011001110101010100011101101111100100110,49453
769,010001001001110000011001110101010100011101101111100100110,49453
770,010001001001110000011001110101010100011101101111100100110,49453
771,010001001001110000011001110101010100011101101111100100110,49453
772,010001001001110000011001110101010100011101101111100100110,49453
773,010001001001110000011001110101010100011101101111100100110,49453
774,010001001001110000011001110101010100011101101111100100110,49453
775,010001001001110000011001110101010100011101101111100100110,49453
776,010001001001110000011001110101010100011101101111100100110,49453
777,010001001001110000011001110101010100011101101111100100110,49453
778,010001001001110000011001110101010100011101101111100100110,49453
779,010001001001110000011001110101010100011101101111100100110,49453
780,010001001001110000011001110101010100011101101111100100110,49453
781,010001001001110000011001110101010100011101101111100100110,49453
782,010001001001110000011001110101010100011101101111100100110,49453
783,010001001001110000011001110101010100011101101111100100110,49453
784,010001001001110000011001110101010100011101101111100100110,49453
785,010001001001110000011001110101010100011101101111100100110,49453
786,010001001001110000011001110101010100011101101111100100110,49453
787,010001001001110000011001110101010100011101101111100100110,49453
788,010001001001110000011001110101010100011101101111100100110,49453
789,010001001001110000011001110101010100011101101111100100110,49453
790,010001001001110000011001110101010100011101101111100100110,49453
791,010001001001110000011001110101010100011101101111100100110,49453
792,010001001001110000011001110101010100011101101111100100110,49453
793,010001001001110000011001110101010100011101101111100100110,49453
794,010001001001110000011001110101010100011101101111100100110,49453
795,010001001001110000011001110101010100011101101111100100110,49453
796,010001001001110000011001110101010100011101101111100100110,49453
797,010001001001110000011001110101010100011101101111100100110,49453
798,010001001001110000011001110101010100011101101111100100110,49453
799,010001001001110000011001110101010100011101101111100100110,49453
800,010001001001110000011001110101010100011101101111100100110,49453
801,010001001001110000011001110101010100011101101111100100110,49453
802,010001001001110000011001110101010100011101101111100100110,49453
803,010001001001110000011001110101010100011101101111100100110,49453
804,010001001001110000011001110101010100011101101111100100110,49453
805,010001001001110000011001110101010100011101101111100100110,49453
806,010001001001110000011001110101010100011101101111100100110,49453
807,010001001001110000011001110101010100011101101111100100110,49453
808,010001001001110000011001110101010100011101101111100100110,49453
809,010001001001110000011001110101010100011101101111100100110,49453
810,010001001001110000011001110101010100011101101111100100110,49453
811,010001001001110000011001110101010100011101101111100100110,49453
812,010001001001110000011001110101010100011101101111100100110,49453
813,010001001001110000011001110101010100011101101111100100110,49453
814,010001001001110000011001110101010100011101101111100100110,49453
815,010001001001110000011001110101010100011101101111100100110,49453
816,010001001001110000011001110101010100011101101111100100110,49453
817,010001001001110000011001110101010100011101101111100100110,49453
818,010001001001110000011001110101010100011101101111100100110,49453
819,010001001001110000011001110101010100011101101111100100110,49453
820,010001001001110000011001110101010100011101101111100100110,49453
821,010001001001110000011001110101010100011101101111100100110,49453
822,010001001001110000011001110101010100011101101111100100110,49453
823,010001001001110000011001110101010100011101101111100100110,49453
824,010001001001110000011001110101010100011101101111100100110,49453
825,010001001001110000011001110101010100011101101111100100110,49453
826,010001001001110000011001110101010100011101101111100100110,49453
827,010001001001110000011001110101010100011101101111100100110,49453
828,010001001001110000011001110101010100011101101111100100110,49453
829,010001001001110000011001110101010100011101101111100100110,49453
830,010001001001110000011001110101010100011101101111100100110,49453
831,010001001001110000011001110101010100011101101111100100110,49453
832,010001001001110000011001110101010100011101101111100100110,49453
833,010001001001110000011001110101010100011101101111100100110,49453
834,010001001001110000011001110101010100011101101111100100110,49453
835,010001001001110000011001110101010100011101101111100100110,49453
836,010001001001110000011001110101010100011101101111100100110,49453
837,010001001001110000011001110101010100011101101111100100110,49453
838,010001001001110000011001110101010100011101101111100100110,49453
839,010001001001110000011001110101010100011101101111100100110,49453
840,010001001001110000011001110101010100011101101111100100110,49453
841,010001001001110000011001110101010100011101101111100100110,49453
842,010001001001110000011001110101010100011101101111100100110,49453
843,010001001001110000011001110101010100011101101111100100110,49453
844,010001001001110000011001110101010100011101101111100100110,49453
845,010001001001110000011001110101010100011101101111100100110,49453
846,010001001001110000011001110101010100011101101111100100110,49453
847,010001001001110000011001110101010100011101101111100100110,49453
848,010001001001110000011001110101010100011101101111100100110,49453
849,010001001001110000011001110101010100011101101111100100110,49453
850,010001001001110000011001110101010100011101101111100100110,49453
851,010001001001110000011001110101010100011101101111100100110,49453
852,010001001001110000011001110101010100011101101111100100110,49453
853,010001001001110000011001110101010100011101101111100100110,49453
854,010001001001110000011001110101010100011101101111100100110,49453
855,010001001001110000011001110101010100011101101111100100110,49453
856,010001001001110000011001110101010100011101101111100100110,49453
857,010001001001110000011001110101010100011101101111100100110,49453
858,010001001001110000011001110101010100011101101111100100110,49453
859,010001001001110000011001110101010100011101101111100100110,49453
860,010001001001110000011001110101010100011101101111100100110,49453
861,010001001001110000011001110101010100011101101111100100110,49453
862,010001001001110000011001110101010100011101101111100100110,49453
863,010001001001110000011001110101010100011101101111100100110,49453
864,010001001001110000011001110101010100011101101111100100110,49453
865,010001001001110000011001110101010100011101101111100100110,49453
866,010001001001110000011001110101010100011101101111100100110,49453
867,010001001001110000011001110101010100011101101111100100110,49453
868,010001001001110000011001110101010100011101101111100100110,49453
869,010011110001010111010000011100011011001011110110111110001,49439
870,010011110001010111010000011100011011001011110110111110001,49439
871,010011110001010111010000011100011011001011110110111110001,49439
872,010011110001010111010000011100011011001011110110111110001,49439
873,010011110001010111010000011100011011001011110110111110001,49439
874,010011110001010111010000011100011011001011110110111110001,49439
875,010011110001010111010000011100011011001011110110111110001,49439
876,010011110001010111010000011100011011001011110110111110001,49439
877,010011110001010111010000011100011011001011110110111110001,49439
878,010011110001010111010000011100011011001011110110111110001,49439
879,010011110001010111010000011100011011001011110110111110001,49439
880,010011110001010111010000011100011011001011110110111110001,49439
881,010011110001010111010000011100011011001011110110111110001,49439
882,010011110001010111010000011100011011001011110110111110001,49439
883,010011110001010111010000011100011011001011110110111110001,49439
884,010011110001010111010000011100011011001011110110111110001,49439
885,010011110001010111010000011100011011001011110110111110001,49439
886,010011110001010111010000011100011011001011110110111110001,49439
887,010011110001010111010000011100011011001011110110111110001,49439
888,010011110001010111010000011100011011001011110110111110001,49439
889,010011110001010111010000011100011011001011110110111110001,49439
890,010011110001010111010000011100011011001011110110111110001,49439
891,010011110001010111010000011100011011001011110110111110001,49439
892,010011110001010111010000011100011011001011110110111110001,49439
893,010011110001010111010000011100011011001011110110111110001,49439
894,010011110001010111010000011100011011001011110110111110001,49439
895,010011110001010111010000011100011011001011110110111110001,49439
896,010011110001010111010000011100011011001011110110111110001,49439
897,010011110001010111010000011100011011001011110110111110001,49439
898,010011110001010111010000011100011011001011110110111110001,49439
899,010011110001010111010000011100011011001011110110111110001,49439
900,010011110001010111010000011100011011001011110110111110001,49439
901,010011110001010111010000011100011011001011110110111110001,49439
902,010011110001010111010000011100011011001011110110111110001,49439
903,010011110001010111010000011100011011001011110110111110001,49439
904,010011110001010111010000011100011011001011110110111110001,49439
905,010011110001010111010000011100011011001011110110111110001,49439
906,010011110001010111010000011100011011001011110110111110001,49439
907,010011110001010111010000011100011011001011110110111110001,49439
908,010011110001010111010000011100011011001011110110111110001,49439
909,010011110001010111010000011100011011001011110110111110001,49439
910,010011110001010111010000011100011011001011110110111110001,49439
911,010011110001010111010000011100011011001011110110111110001,49439
912,010011110001010111010000011100011011001011110110111110001,49439
913,010011110001010111010000011100011011001011110110111110001,49439
914,010011110001010111010000011100011011001011110110111110001,49439
915,010011110001010111010000011100011011001011110110111110001,49439
916,010011110001010111010000011100011011001011110110111110001,49439
917,010011110001010111010000011100011011001011110110111110001,49439
918,010011110001010111010000011100011011001011110110111110001,49439
919,010011110001010111010000011100011011001011110110111110001,49439
920,010011110001010111010000011100011011001011110110111110001,49439
921,010011110001010111010000011100011011001011110110111110001,49439
922,010011110001010111010000011100011011001011110110111110001,49439
923,010011110001010111010000011100011011001011110110111110001,49439
924,010011110001010111010000011100011011001011110110111110001,49439
925,010011110001010111010000011100011011001011110110111110001,49439
926,010011110001010111010000011100011011001011110110111110001,49439
927,010011110001010111010000011100011011001011110110111110001,49439
928,010011110001010111010000011100011011001011110110111110001,49439
929,010011110001010111010000011100011011001011110110111110001,49439
930,010011110001010111010000011100011011001011110110111110001,49439
931,010011110001010111010000011100011011001011110110111110001,49439
932,010011110001010111010000011100011011001011110110111110001,49439
933,010011110001010111010000011100011011001011110110111110001,49439
934,010011110001010111010000011100011011001011110110111110001,49439
935,010011110001010111010000011100011011001011110110111110001,49439
936,010011110001010111010000011100011011001011110110111110001,49439
937,010011110001010111010000011100011011001011110110111110001,49439
938,010011110001010111010000011100011011001011110110111110001,49439
939,010011110001010111010000011100011011001011110110111110001,49439
940,010011110001010111010000011100011011001011110110111110001,49439
